agent1,agent2,agent3,agent4,agent5,agent6,agent7,agent8,agent9,agent10,agent11,agent12,agent13,agent14,agent15,agent16,agent17,agent18,agent19,agent20,agent21,agent22,agent23,agent24,agent25,agent26,agent27,agent28,agent29,agent30
1.445945945945946,2.0972222222222223,1.2054794520547945,1.1216216216216217,1.8783783783783783,1.4109589041095891,2.0422535211267605,1.5205479452054795,1.904109589041096,1.1081081081081081,1.4324324324324325,1.3835616438356164,1.2027027027027026,1.0945945945945945,1.63013698630137,1.75,1.337837837837838,1.054054054054054,1.0,1.135135135135135,1.0945945945945945,1.0,1.1081081081081081,1.0810810810810811,1.0405405405405406,1.0945945945945945,2.608108108108108,1.9054054054054055,1.0945945945945945,2.810810810810811
agent1,agent2,agent3,agent4,agent5,agent6,agent7,agent8,agent9,agent10,agent11,agent12,agent13,agent14,agent15,agent16,agent17,agent18,agent19,agent20,agent21,agent22,agent23,agent24,agent25,agent26,agent27,agent28,agent29,agent30
1.445945945945946,2.0972222222222223,1.2054794520547945,1.1216216216216217,1.8783783783783783,1.4109589041095891,2.0422535211267605,1.5205479452054795,1.904109589041096,1.1081081081081081,1.4324324324324325,1.3835616438356164,1.2027027027027026,1.0945945945945945,1.63013698630137,1.75,1.337837837837838,1.054054054054054,1.0,1.135135135135135,1.0945945945945945,1.0,1.1081081081081081,1.0810810810810811,1.0405405405405406,1.0945945945945945,2.608108108108108,1.9054054054054055,1.0945945945945945,2.810810810810811
