agent1,agent2,agent3,agent4,agent5,agent6,agent7,agent8,agent9,agent10,agent11,agent12,agent13,agent14,agent15,agent16,agent17,agent18,agent19,agent20,agent21,agent22,agent23,agent24,agent25,agent26,agent27,agent28,agent29,agent30
3.295918367,3.354166667,3.252525253,3.520408163,3.381443299,3.275510204,3.744680851,3.806122449,3.23,3.53125,3.202020202,3.37755102,3.18556701,3.414141414,3.275510204,3.5,3.170212766,3.387755102,3.212121212,3.819148936,3.385416667,3.427083333,3.350515464,3.43,3.454545455,3.285714286,3.402061856,3.44,3.333333333,3.48
agent1,agent2,agent3,agent4,agent5,agent6,agent7,agent8,agent9,agent10,agent11,agent12,agent13,agent14,agent15,agent16,agent17,agent18,agent19,agent20,agent21,agent22,agent23,agent24,agent25,agent26,agent27,agent28,agent29,agent30
2.702020202,2.683673469,2.56281407,2.742424242,2.578680203,2.409090909,2.634020619,2.868686869,2.615,2.581632653,2.497487437,2.727272727,2.512690355,2.613065327,2.54040404,2.678571429,2.520618557,2.565656566,2.512562814,2.711340206,2.556122449,2.484693878,2.492385787,2.605,2.67839196,2.409090909,2.61928934,2.62,2.433673469,2.65